AAAGAGGC	ATAGAGGC
AAATCTTA	TAATCTTA
AAGCGAAG	AGGCGAAG
AAGGACGT	CAGGACGT
AATAGCCT	TATAGCCT
ACAGAGGC	ATAGAGGC
ACGCGAAG	AGGCGAAG
ACTATCCT	CCTATCCT
AGACGAAG	AGGCGAAG
AGAGAGGC	ATAGAGGC
AGCCGAAG	AGGCGAAG
AGCTCTGA	GGCTCTGA
AGGAGAAG	AGGCGAAG
AGGCAAAG	AGGCGAAG
AGGCCAAG	AGGCGAAG
AGGCGAAA	AGGCGAAG
AGGCGAAC	AGGCGAAG
AGGCGAAG	AGGCGAAG
AGGCGAAN	AGGCGAAG
AGGCGAAT	AGGCGAAG
AGGCGACG	AGGCGAAG
AGGCGAGG	AGGCGAAG
AGGCGANG	AGGCGAAG
AGGCGATG	AGGCGAAG
AGGCGCAG	AGGCGAAG
AGGCGGAG	AGGCGAAG
AGGCGNAG	AGGCGAAG
AGGCGTAG	AGGCGAAG
AGGCNAAG	AGGCGAAG
AGGCTAAG	AGGCGAAG
AGGGGAAG	AGGCGAAG
AGGNGAAG	AGGCGAAG
AGGTGAAG	AGGCGAAG
AGNCGAAG	AGGCGAAG
AGTCGAAG	AGGCGAAG
ANAGAGGC	ATAGAGGC
ANGCGAAG	AGGCGAAG
ATAAAGGC	ATAGAGGC
ATACAGGC	ATAGAGGC
ATACTGAC	GTACTGAC
ATAGAAGC	ATAGAGGC
ATAGACGC	ATAGAGGC
ATAGAGAC	ATAGAGGC
ATAGAGCC	ATAGAGGC
ATAGAGGA	ATAGAGGC
ATAGAGGC	ATAGAGGC
ATAGAGGG	ATAGAGGC
ATAGAGGN	ATAGAGGC
ATAGAGGT	ATAGAGGC
ATAGAGNC	ATAGAGGC
ATAGAGTC	ATAGAGGC
ATAGANGC	ATAGAGGC
ATAGATGC	ATAGAGGC
ATAGCGGC	ATAGAGGC
ATAGGGGC	ATAGAGGC
ATAGNGGC	ATAGAGGC
ATAGTGGC	ATAGAGGC
ATANAGGC	ATAGAGGC
ATATAGGC	ATAGAGGC
ATCGAGGC	ATAGAGGC
ATGCGAAG	AGGCGAAG
ATGGAGGC	ATAGAGGC
ATNGAGGC	ATAGAGGC
ATTGAGGC	ATAGAGGC
CAAGACGT	CAGGACGT
CAATCTTA	TAATCTTA
CACGACGT	CAGGACGT
CAGAACGT	CAGGACGT
CAGCACGT	CAGGACGT
CAGGAAGT	CAGGACGT
CAGGACAT	CAGGACGT
CAGGACCT	CAGGACGT
CAGGACGA	CAGGACGT
CAGGACGC	CAGGACGT
CAGGACGG	CAGGACGT
CAGGACGN	CAGGACGT
CAGGACGT	CAGGACGT
CAGGACNT	CAGGACGT
CAGGACTT	CAGGACGT
CAGGAGGT	CAGGACGT
CAGGANGT	CAGGACGT
CAGGATGT	CAGGACGT
CAGGCCGT	CAGGACGT
CAGGGCGT	CAGGACGT
CAGGNCGT	CAGGACGT
CAGGTCGT	CAGGACGT
CAGNACGT	CAGGACGT
CAGTACGT	CAGGACGT
CANGACGT	CAGGACGT
CATAGCCT	TATAGCCT
CATATCCT	CCTATCCT
CATGACGT	CAGGACGT
CCAATCCT	CCTATCCT
CCCATCCT	CCTATCCT
CCGATCCT	CCTATCCT
CCGGACGT	CAGGACGT
CCNATCCT	CCTATCCT
CCTAACCT	CCTATCCT
CCTACCCT	CCTATCCT
CCTAGCCT	CCTATCCT
CCTANCCT	CCTATCCT
CCTATACT	CCTATCCT
CCTATCAT	CCTATCCT
CCTATCCA	CCTATCCT
CCTATCCC	CCTATCCT
CCTATCCG	CCTATCCT
CCTATCCN	CCTATCCT
CCTATCCT	CCTATCCT
CCTATCGT	CCTATCCT
CCTATCNT	CCTATCCT
CCTATCTT	CCTATCCT
CCTATGCT	CCTATCCT
CCTATNCT	CCTATCCT
CCTATTCT	CCTATCCT
CCTCTCCT	CCTATCCT
CCTGTCCT	CCTATCCT
CCTNTCCT	CCTATCCT
CCTTTCCT	CCTATCCT
CGCTCTGA	GGCTCTGA
CGGCGAAG	AGGCGAAG
CGGGACGT	CAGGACGT
CGTATCCT	CCTATCCT
CNGGACGT	CAGGACGT
CNTATCCT	CCTATCCT
CTACTGAC	GTACTGAC
CTAGAGGC	ATAGAGGC
CTGGACGT	CAGGACGT
CTTATCCT	CCTATCCT
GAACTGAC	GTACTGAC
GAATCTTA	TAATCTTA
GACTCTGA	GGCTCTGA
GAGGACGT	CAGGACGT
GATAGCCT	TATAGCCT
GCACTGAC	GTACTGAC
GCCTCTGA	GGCTCTGA
GCTATCCT	CCTATCCT
GGACTGAC	GTACTGAC
GGATCTGA	GGCTCTGA
GGCACTGA	GGCTCTGA
GGCCCTGA	GGCTCTGA
GGCGCTGA	GGCTCTGA
GGCNCTGA	GGCTCTGA
GGCTATGA	GGCTCTGA
GGCTCAGA	GGCTCTGA
GGCTCCGA	GGCTCTGA
GGCTCGGA	GGCTCTGA
GGCTCNGA	GGCTCTGA
GGCTCTAA	GGCTCTGA
GGCTCTCA	GGCTCTGA
GGCTCTGA	GGCTCTGA
GGCTCTGC	GGCTCTGA
GGCTCTGG	GGCTCTGA
GGCTCTGN	GGCTCTGA
GGCTCTGT	GGCTCTGA
GGCTCTNA	GGCTCTGA
GGCTCTTA	GGCTCTGA
GGCTGTGA	GGCTCTGA
GGCTNTGA	GGCTCTGA
GGCTTTGA	GGCTCTGA
GGGCGAAG	AGGCGAAG
GGGTCTGA	GGCTCTGA
GGNTCTGA	GGCTCTGA
GGTTCTGA	GGCTCTGA
GNACTGAC	GTACTGAC
GNCTCTGA	GGCTCTGA
GTAATGAC	GTACTGAC
GTACAGAC	GTACTGAC
GTACCGAC	GTACTGAC
GTACGGAC	GTACTGAC
GTACNGAC	GTACTGAC
GTACTAAC	GTACTGAC
GTACTCAC	GTACTGAC
GTACTGAA	GTACTGAC
GTACTGAC	GTACTGAC
GTACTGAG	GTACTGAC
GTACTGAN	GTACTGAC
GTACTGAT	GTACTGAC
GTACTGCC	GTACTGAC
GTACTGGC	GTACTGAC
GTACTGNC	GTACTGAC
GTACTGTC	GTACTGAC
GTACTNAC	GTACTGAC
GTACTTAC	GTACTGAC
GTAGAGGC	ATAGAGGC
GTAGTGAC	GTACTGAC
GTANTGAC	GTACTGAC
GTATTGAC	GTACTGAC
GTCCTGAC	GTACTGAC
GTCTCTGA	GGCTCTGA
GTGCTGAC	GTACTGAC
GTNCTGAC	GTACTGAC
GTTCTGAC	GTACTGAC
NAATCTTA	TAATCTTA
NAGGACGT	CAGGACGT
NATAGCCT	TATAGCCT
NCTATCCT	CCTATCCT
NGCTCTGA	GGCTCTGA
NGGCGAAG	AGGCGAAG
NTACTGAC	GTACTGAC
NTAGAGGC	ATAGAGGC
TAAACTTA	TAATCTTA
TAAAGCCT	TATAGCCT
TAACCTTA	TAATCTTA
TAAGCTTA	TAATCTTA
TAANCTTA	TAATCTTA
TAATATTA	TAATCTTA
TAATCATA	TAATCTTA
TAATCCTA	TAATCTTA
TAATCGTA	TAATCTTA
TAATCNTA	TAATCTTA
TAATCTAA	TAATCTTA
TAATCTCA	TAATCTTA
TAATCTGA	TAATCTTA
TAATCTNA	TAATCTTA
TAATCTTA	TAATCTTA
TAATCTTC	TAATCTTA
TAATCTTG	TAATCTTA
TAATCTTN	TAATCTTA
TAATCTTT	TAATCTTA
TAATGTTA	TAATCTTA
TAATNTTA	TAATCTTA
TAATTTTA	TAATCTTA
TACAGCCT	TATAGCCT
TACTCTTA	TAATCTTA
TAGAGCCT	TATAGCCT
TAGGACGT	CAGGACGT
TAGTCTTA	TAATCTTA
TANAGCCT	TATAGCCT
TANTCTTA	TAATCTTA
TATAACCT	TATAGCCT
TATACCCT	TATAGCCT
TATAGACT	TATAGCCT
TATAGCAT	TATAGCCT
TATAGCCA	TATAGCCT
TATAGCCC	TATAGCCT
TATAGCCG	TATAGCCT
TATAGCCN	TATAGCCT
TATAGCCT	TATAGCCT
TATAGCGT	TATAGCCT
TATAGCNT	TATAGCCT
TATAGCTT	TATAGCCT
TATAGGCT	TATAGCCT
TATAGNCT	TATAGCCT
TATAGTCT	TATAGCCT
TATANCCT	TATAGCCT
TATATCCT	TATAGCCT
TATCGCCT	TATAGCCT
TATGGCCT	TATAGCCT
TATNGCCT	TATAGCCT
TATTCTTA	TAATCTTA
TATTGCCT	TATAGCCT
TCATCTTA	TAATCTTA
TCTAGCCT	TATAGCCT
TCTATCCT	CCTATCCT
TGATCTTA	TAATCTTA
TGCTCTGA	GGCTCTGA
TGGCGAAG	AGGCGAAG
TGTAGCCT	TATAGCCT
TNATCTTA	TAATCTTA
TNTAGCCT	TATAGCCT
TTACTGAC	GTACTGAC
TTAGAGGC	ATAGAGGC
TTATCTTA	TAATCTTA
TTTAGCCT	TATAGCCT
