AAAAACCA	AACAACCA
AAAAATCG	AAACATCG
AAAACGGA	AAGACGGA
AAAAGCTA	ACAAGCTA
AAACAACG	AAACATCG
AAACACCG	AAACATCG
AAACAGAA	ACACAGAA
AAACAGCG	AAACATCG
AAACANCG	AAACATCG
AAACATAG	AAACATCG
AAACATCA	AAACATCG
AAACATCC	AAACATCG
AAACATCG	AAACATCG
AAACATCN	AAACATCG
AAACATCT	AAACATCG
AAACATGG	AAACATCG
AAACATNG	AAACATCG
AAACATTG	AAACATCG
AAACCACA	CAACCACA
AAACCTCG	AAACATCG
AAACGAGA	AACCGAGA
AAACGTCG	AAACATCG
AAACNTCG	AAACATCG
AAACTTCG	AAACATCG
AAAGACTA	CAAGACTA
AAAGATCG	AAACATCG
AAAGCAGA	ACAGCAGA
AAAGCTTA	AACGCTTA
AAAGTACA	AAGGTACA
AAAGTCAA	AGAGTCAA
AAAGTGAT	AACGTGAT
AAANATCG	AAACATCG
AAATATCG	AAACATCG
AAATCGCA	AGATCGCA
AAATCTGA	GAATCTGA
AAATGGAA	CAATGGAA
AAATTGGC	ACATTGGC
AACAAACA	AACAACCA
AACAACAA	AACAACCA
AACAACCA	AACAACCA
AACAACCC	AACAACCA
AACAACCG	AACAACCA
AACAACCN	AACAACCA
AACAACCT	AACAACCA
AACAACGA	AACAACCA
AACAACNA	AACAACCA
AACAACTA	AACAACCA
AACAAGCA	AACAACCA
AACAANCA	AACAACCA
AACAATCA	AACAACCA
AACACCCA	AACAACCA
AACACGGA	AAGACGGA
AACACTGT	ACCACTGT
AACACTTA	AACGCTTA
AACAGAGA	AACCGAGA
AACAGCCA	AACAACCA
AACAGGAA	AGCAGGAA
AACANCCA	AACAACCA
AACATCCA	AACAACCA
AACATGAT	AACGTGAT
AACCAAGA	AACCGAGA
AACCACCA	AACAACCA
AACCATCG	AAACATCG
AACCCAGA	AACCGAGA
AACCCTTA	AACGCTTA
AACCGAAA	AACCGAGA
AACCGACA	AACCGAGA
AACCGAGA	AACCGAGA
AACCGAGC	AACCGAGA
AACCGAGG	AACCGAGA
AACCGAGN	AACCGAGA
AACCGAGT	AACCGAGA
AACCGANA	AACCGAGA
AACCGATA	AACCGAGA
AACCGCGA	AACCGAGA
AACCGGGA	AACCGAGA
AACCGNGA	AACCGAGA
AACCGTGA	AACCGAGA
AACCNAGA	AACCGAGA
AACCTAGA	AACCGAGA
AACCTGAT	AACGTGAT
AACCTGTA	ATCCTGTA
AACGACCA	AACAACCA
AACGAGAT	AACGTGAT
AACGATTA	AACGCTTA
AACGCATA	AACGCTTA
AACGCCTA	AACGCTTA
AACGCGAT	AACGTGAT
AACGCGTA	AACGCTTA
AACGCNTA	AACGCTTA
AACGCTAA	AACGCTTA
AACGCTCA	AACGCTTA
AACGCTGA	AACGCTTA
AACGCTNA	AACGCTTA
AACGCTTA	AACGCTTA
AACGCTTC	AACGCTTA
AACGCTTG	AACGCTTA
AACGCTTN	AACGCTTA
AACGCTTT	AACGCTTA
AACGGAGA	AACCGAGA
AACGGGAT	AACGTGAT
AACGGTTA	AACGCTTA
AACGNGAT	AACGTGAT
AACGNTTA	AACGCTTA
AACGTAAT	AACGTGAT
AACGTACA	AAGGTACA
AACGTCAT	AACGTGAT
AACGTGAA	AACGTGAT
AACGTGAC	AACGTGAT
AACGTGAG	AACGTGAT
AACGTGAN	AACGTGAT
AACGTGAT	AACGTGAT
AACGTGCT	AACGTGAT
AACGTGGT	AACGTGAT
AACGTGNT	AACGTGAT
AACGTGTT	AACGTGAT
AACGTNAT	AACGTGAT
AACGTTAT	AACGTGAT
AACGTTTA	AACGCTTA
AACNACCA	AACAACCA
AACNCTTA	AACGCTTA
AACNGAGA	AACCGAGA
AACNTGAT	AACGTGAT
AACTACCA	AACAACCA
AACTAGTA	GACTAGTA
AACTCCAA	ACCTCCAA
AACTCTTA	AACGCTTA
AACTGAGA	AACCGAGA
AACTTCGA	CACTTCGA
AACTTGAT	AACGTGAT
AAGAACCA	AACAACCA
AAGAAGGA	AAGACGGA
AAGACAGA	AAGACGGA
AAGACCGA	AAGACGGA
AAGACGAA	AAGACGGA
AAGACGCA	AAGACGGA
AAGACGGA	AAGACGGA
AAGACGGC	AAGACGGA
AAGACGGG	AAGACGGA
AAGACGGN	AAGACGGA
AAGACGGT	AAGACGGA
AAGACGNA	AAGACGGA
AAGACGTA	AAGACGGA
AAGACNGA	AAGACGGA
AAGACTGA	AAGACGGA
AAGAGGGA	AAGACGGA
AAGANGGA	AAGACGGA
AAGATACA	AAGGTACA
AAGATCTG	CAGATCTG
AAGATGGA	AAGACGGA
AAGCATCG	AAACATCG
AAGCCGGA	AAGACGGA
AAGCCTAA	ATGCCTAA
AAGCGAGA	AACCGAGA
AAGCGTTA	CAGCGTTA
AAGCTACA	AAGGTACA
AAGCTCGA	ACGCTCGA
AAGCTGAA	GAGCTGAA
AAGGAACA	AAGGTACA
AAGGCACA	AAGGTACA
AAGGCGGA	AAGACGGA
AAGGCTTA	AACGCTTA
AAGGGACA	AAGGTACA
AAGGNACA	AAGGTACA
AAGGTAAA	AAGGTACA
AAGGTACA	AAGGTACA
AAGGTACC	AAGGTACA
AAGGTACG	AAGGTACA
AAGGTACN	AAGGTACA
AAGGTACT	AAGGTACA
AAGGTAGA	AAGGTACA
AAGGTANA	AAGGTACA
AAGGTATA	AAGGTACA
AAGGTCCA	AAGGTACA
AAGGTGAT	AACGTGAT
AAGGTGCA	AAGGTACA
AAGGTNCA	AAGGTACA
AAGGTTCA	AAGGTACA
AAGNCGGA	AAGACGGA
AAGNTACA	AAGGTACA
AAGTATCA	ACGTATCA
AAGTCGGA	AAGACGGA
AAGTTACA	AAGGTACA
AANAACCA	AACAACCA
AANACGGA	AAGACGGA
AANCATCG	AAACATCG
AANCGAGA	AACCGAGA
AANGCTTA	AACGCTTA
AANGTACA	AAGGTACA
AANGTGAT	AACGTGAT
AATAACCA	AACAACCA
AATACAAG	AGTACAAG
AATACCAA	CATACCAA
AATACGGA	AAGACGGA
AATATGCA	ACTATGCA
AATCAAGT	CATCAAGT
AATCACTA	AGTCACTA
AATCATCG	AAACATCG
AATCGAGA	AACCGAGA
AATGAGGA	ATTGAGGA
AATGCTTA	AACGCTTA
AATGGTCA	AGTGGTCA
AATGTACA	AAGGTACA
AATGTGAT	AACGTGAT
ACAAACTA	ACAAGCTA
ACAAAGAA	ACACAGAA
ACAACAGA	ACAGCAGA
ACAACCTA	ACAAGCTA
ACAACTGT	ACCACTGT
ACAAGATA	ACAAGCTA
ACAAGCAA	ACAAGCTA
ACAAGCCA	ACAAGCTA
ACAAGCGA	ACAAGCTA
ACAAGCNA	ACAAGCTA
ACAAGCTA	ACAAGCTA
ACAAGCTC	ACAAGCTA
ACAAGCTG	ACAAGCTA
ACAAGCTN	ACAAGCTA
ACAAGCTT	ACAAGCTA
ACAAGGTA	ACAAGCTA
ACAAGNTA	ACAAGCTA
ACAAGTTA	ACAAGCTA
ACAANCTA	ACAAGCTA
ACAATCTA	ACAAGCTA
ACAATGCA	ACTATGCA
ACAATGGC	ACATTGGC
ACACAAAA	ACACAGAA
ACACACAA	ACACAGAA
ACACAGAA	ACACAGAA
ACACAGAC	ACACAGAA
ACACAGAG	ACACAGAA
ACACAGAN	ACACAGAA
ACACAGAT	ACACAGAA
ACACAGCA	ACACAGAA
ACACAGGA	ACACAGAA
ACACAGNA	ACACAGAA
ACACAGTA	ACACAGAA
ACACANAA	ACACAGAA
ACACATAA	ACACAGAA
ACACATCG	AAACATCG
ACACCAGA	ACAGCAGA
ACACCGAA	ACACAGAA
ACACGCTA	ACAAGCTA
ACACGGAA	ACACAGAA
ACACNGAA	ACACAGAA
ACACTCGA	ACGCTCGA
ACACTGAA	ACACAGAA
ACACTGGC	ACATTGGC
ACAGAAGA	ACAGCAGA
ACAGAGAA	ACACAGAA
ACAGCAAA	ACAGCAGA
ACAGCACA	ACAGCAGA
ACAGCAGA	ACAGCAGA
ACAGCAGC	ACAGCAGA
ACAGCAGG	ACAGCAGA
ACAGCAGN	ACAGCAGA
ACAGCAGT	ACAGCAGA
ACAGCANA	ACAGCAGA
ACAGCATA	ACAGCAGA
ACAGCCGA	ACAGCAGA
ACAGCGGA	ACAGCAGA
ACAGCNGA	ACAGCAGA
ACAGCTGA	ACAGCAGA
ACAGGAGA	ACAGCAGA
ACAGGCTA	ACAAGCTA
ACAGNAGA	ACAGCAGA
ACAGTAGA	ACAGCAGA
ACAGTCAA	AGAGTCAA
ACAGTGGC	ACATTGGC
ACAGTTCA	CCAGTTCA
ACANAGAA	ACACAGAA
ACANCAGA	ACAGCAGA
ACANGCTA	ACAAGCTA
ACANTGGC	ACATTGGC
ACATAGAA	ACACAGAA
ACATAGGC	ACATTGGC
ACATATCA	ACGTATCA
ACATCAGA	ACAGCAGA
ACATCCAA	ACCTCCAA
ACATCGCA	AGATCGCA
ACATCGGC	ACATTGGC
ACATGCTA	ACAAGCTA
ACATGGGC	ACATTGGC
ACATNGGC	ACATTGGC
ACATTAGC	ACATTGGC
ACATTCGC	ACATTGGC
ACATTGAC	ACATTGGC
ACATTGCC	ACATTGGC
ACATTGGA	ACATTGGC
ACATTGGC	ACATTGGC
ACATTGGG	ACATTGGC
ACATTGGN	ACATTGGC
ACATTGGT	ACATTGGC
ACATTGNC	ACATTGGC
ACATTGTC	ACATTGGC
ACATTNGC	ACATTGGC
ACATTTGC	ACATTGGC
ACCAACCA	AACAACCA
ACCAATGT	ACCACTGT
ACCACAGT	ACCACTGT
ACCACCAA	ACCTCCAA
ACCACCGT	ACCACTGT
ACCACGGT	ACCACTGT
ACCACNGT	ACCACTGT
ACCACTAT	ACCACTGT
ACCACTCT	ACCACTGT
ACCACTGA	ACCACTGT
ACCACTGC	ACCACTGT
ACCACTGG	ACCACTGT
ACCACTGN	ACCACTGT
ACCACTGT	ACCACTGT
ACCACTNT	ACCACTGT
ACCACTTT	ACCACTGT
ACCAGCTA	ACAAGCTA
ACCAGGAA	AGCAGGAA
ACCAGTGT	ACCACTGT
ACCANTGT	ACCACTGT
ACCATGCA	ACTATGCA
ACCATTGT	ACCACTGT
ACCCAGAA	ACACAGAA
ACCCCCAA	ACCTCCAA
ACCCCTGT	ACCACTGT
ACCCGAGA	AACCGAGA
ACCCTCGA	ACGCTCGA
ACCCTGTA	ATCCTGTA
ACCGCAGA	ACAGCAGA
ACCGCCAA	ACCTCCAA
ACCGCTGT	ACCACTGT
ACCGCTTA	AACGCTTA
ACCGTGAT	AACGTGAT
ACCNCCAA	ACCTCCAA
ACCNCTGT	ACCACTGT
ACCTACAA	ACCTCCAA
ACCTATCA	ACGTATCA
ACCTCAAA	ACCTCCAA
ACCTCCAA	ACCTCCAA
ACCTCCAC	ACCTCCAA
ACCTCCAG	ACCTCCAA
ACCTCCAN	ACCTCCAA
ACCTCCAT	ACCTCCAA
ACCTCCCA	ACCTCCAA
ACCTCCGA	ACCTCCAA
ACCTCCNA	ACCTCCAA
ACCTCCTA	ACCTCCAA
ACCTCGAA	ACCTCCAA
ACCTCNAA	ACCTCCAA
ACCTCTAA	ACCTCCAA
ACCTCTGT	ACCACTGT
ACCTGCAA	ACCTCCAA
ACCTNCAA	ACCTCCAA
ACCTTCAA	ACCTCCAA
ACCTTGGC	ACATTGGC
ACGAAGTA	CCGAAGTA
ACGAATCA	ACGTATCA
ACGACGGA	AAGACGGA
ACGACTGT	ACCACTGT
ACGAGCTA	ACAAGCTA
ACGATCGA	ACGCTCGA
ACGATGCA	ACTATGCA
ACGCACGA	ACGCTCGA
ACGCAGAA	ACACAGAA
ACGCATCA	ACGTATCA
ACGCCCGA	ACGCTCGA
ACGCCTAA	ATGCCTAA
ACGCGCGA	ACGCTCGA
ACGCNCGA	ACGCTCGA
ACGCTAGA	ACGCTCGA
ACGCTCAA	ACGCTCGA
ACGCTCCA	ACGCTCGA
ACGCTCGA	ACGCTCGA
ACGCTCGC	ACGCTCGA
ACGCTCGG	ACGCTCGA
ACGCTCGN	ACGCTCGA
ACGCTCGT	ACGCTCGA
ACGCTCNA	ACGCTCGA
ACGCTCTA	ACGCTCGA
ACGCTGGA	ACGCTCGA
ACGCTNGA	ACGCTCGA
ACGCTTGA	ACGCTCGA
ACGGATCA	ACGTATCA
ACGGCAGA	ACAGCAGA
ACGGTACA	AAGGTACA
ACGGTCGA	ACGCTCGA
ACGNATCA	ACGTATCA
ACGNTCGA	ACGCTCGA
ACGTAACA	ACGTATCA
ACGTACCA	ACGTATCA
ACGTAGCA	ACGTATCA
ACGTANCA	ACGTATCA
ACGTATAA	ACGTATCA
ACGTATCA	ACGTATCA
ACGTATCC	ACGTATCA
ACGTATCG	ACGTATCA
ACGTATCN	ACGTATCA
ACGTATCT	ACGTATCA
ACGTATGA	ACGTATCA
ACGTATNA	ACGTATCA
ACGTATTA	ACGTATCA
ACGTCCAA	ACCTCCAA
ACGTCTCA	ACGTATCA
ACGTGAGA	CCGTGAGA
ACGTGTCA	ACGTATCA
ACGTNTCA	ACGTATCA
ACGTTCGA	ACGCTCGA
ACGTTGGC	ACATTGGC
ACGTTTCA	ACGTATCA
ACNACTGT	ACCACTGT
ACNAGCTA	ACAAGCTA
ACNATGCA	ACTATGCA
ACNCAGAA	ACACAGAA
ACNCTCGA	ACGCTCGA
ACNGCAGA	ACAGCAGA
ACNTATCA	ACGTATCA
ACNTCCAA	ACCTCCAA
ACNTTGGC	ACATTGGC
ACTAAGCA	ACTATGCA
ACTACAAG	AGTACAAG
ACTACGCA	ACTATGCA
ACTACTGT	ACCACTGT
ACTAGCTA	ACAAGCTA
ACTAGGCA	ACTATGCA
ACTANGCA	ACTATGCA
ACTATACA	ACTATGCA
ACTATCCA	ACTATGCA
ACTATGAA	ACTATGCA
ACTATGCA	ACTATGCA
ACTATGCC	ACTATGCA
ACTATGCG	ACTATGCA
ACTATGCN	ACTATGCA
ACTATGCT	ACTATGCA
ACTATGGA	ACTATGCA
ACTATGNA	ACTATGCA
ACTATGTA	ACTATGCA
ACTATNCA	ACTATGCA
ACTATTCA	ACTATGCA
ACTCACTA	AGTCACTA
ACTCAGAA	ACACAGAA
ACTCCTGA	CCTCCTGA
ACTCTCGA	ACGCTCGA
ACTCTGCA	ACTATGCA
ACTGAGGA	ATTGAGGA
ACTGCAGA	ACAGCAGA
ACTGGTCA	AGTGGTCA
ACTGTGCA	ACTATGCA
ACTNTGCA	ACTATGCA
ACTTATCA	ACGTATCA
ACTTCCAA	ACCTCCAA
ACTTTGCA	ACTATGCA
ACTTTGGC	ACATTGGC
AGAACAAG	AGTACAAG
AGAACGCA	AGATCGCA
AGAACTTA	CGAACTTA
AGAAGCTA	ACAAGCTA
AGAAGGAA	AGCAGGAA
AGAATCAA	AGAGTCAA
AGACACTA	AGTCACTA
AGACAGAA	ACACAGAA
AGACATCG	AAACATCG
AGACCGCA	AGATCGCA
AGACTCAA	AGAGTCAA
AGACTGGA	CGACTGGA
AGAGACAA	AGAGTCAA
AGAGCAGA	ACAGCAGA
AGAGCCAA	AGAGTCAA
AGAGCGCA	AGATCGCA
AGAGGCAA	AGAGTCAA
AGAGGTCA	AGTGGTCA
AGAGNCAA	AGAGTCAA
AGAGTAAA	AGAGTCAA
AGAGTCAA	AGAGTCAA
AGAGTCAC	AGAGTCAA
AGAGTCAG	AGAGTCAA
AGAGTCAN	AGAGTCAA
AGAGTCAT	AGAGTCAA
AGAGTCCA	AGAGTCAA
AGAGTCGA	AGAGTCAA
AGAGTCNA	AGAGTCAA
AGAGTCTA	AGAGTCAA
AGAGTGAA	AGAGTCAA
AGAGTNAA	AGAGTCAA
AGAGTTAA	AGAGTCAA
AGANCGCA	AGATCGCA
AGANTCAA	AGAGTCAA
AGATAGCA	AGATCGCA
AGATCACA	AGATCGCA
AGATCCCA	AGATCGCA
AGATCGAA	AGATCGCA
AGATCGCA	AGATCGCA
AGATCGCC	AGATCGCA
AGATCGCG	AGATCGCA
AGATCGCN	AGATCGCA
AGATCGCT	AGATCGCA
AGATCGGA	AGATCGCA
AGATCGNA	AGATCGCA
AGATCGTA	AGATCGCA
AGATCNCA	AGATCGCA
AGATCTCA	AGATCGCA
AGATGGCA	AGATCGCA
AGATNGCA	AGATCGCA
AGATTCAA	AGAGTCAA
AGATTGCA	AGATCGCA
AGATTGGC	ACATTGGC
AGCAACCA	AACAACCA
AGCAAGAA	AGCAGGAA
AGCACAAG	AGTACAAG
AGCACGAA	AGCAGGAA
AGCACTGT	ACCACTGT
AGCAGAAA	AGCAGGAA
AGCAGCAA	AGCAGGAA
AGCAGGAA	AGCAGGAA
AGCAGGAC	AGCAGGAA
AGCAGGAG	AGCAGGAA
AGCAGGAN	AGCAGGAA
AGCAGGAT	AGCAGGAA
AGCAGGCA	AGCAGGAA
AGCAGGGA	AGCAGGAA
AGCAGGNA	AGCAGGAA
AGCAGGTA	AGCAGGAA
AGCAGNAA	AGCAGGAA
AGCAGTAA	AGCAGGAA
AGCANGAA	AGCAGGAA
AGCATACA	CGCATACA
AGCATGAA	AGCAGGAA
AGCCACTA	AGTCACTA
AGCCGAGA	AACCGAGA
AGCCGGAA	AGCAGGAA
AGCCTGTA	ATCCTGTA
AGCGCTTA	AACGCTTA
AGCGGGAA	AGCAGGAA
AGCGGTCA	AGTGGTCA
AGCGTCAA	AGAGTCAA
AGCGTGAT	AACGTGAT
AGCNGGAA	AGCAGGAA
AGCTCCAA	ACCTCCAA
AGCTCGCA	AGATCGCA
AGCTGATC	CGCTGATC
AGCTGGAA	AGCAGGAA
AGGACAAG	AGTACAAG
AGGACGGA	AAGACGGA
AGGAGGAA	AGCAGGAA
AGGCACTA	AGTCACTA
AGGCCTAA	ATGCCTAA
AGGCTCGA	ACGCTCGA
AGGGGTCA	AGTGGTCA
AGGGTACA	AAGGTACA
AGGGTCAA	AGAGTCAA
AGGTATCA	ACGTATCA
AGGTCGCA	AGATCGCA
AGNACAAG	AGTACAAG
AGNAGGAA	AGCAGGAA
AGNCACTA	AGTCACTA
AGNGGTCA	AGTGGTCA
AGNGTCAA	AGAGTCAA
AGNTCGCA	AGATCGCA
AGTAAAAG	AGTACAAG
AGTAACTA	AGTCACTA
AGTACAAA	AGTACAAG
AGTACAAC	AGTACAAG
AGTACAAG	AGTACAAG
AGTACAAN	AGTACAAG
AGTACAAT	AGTACAAG
AGTACACG	AGTACAAG
AGTACAGG	AGTACAAG
AGTACANG	AGTACAAG
AGTACATG	AGTACAAG
AGTACCAG	AGTACAAG
AGTACGAG	AGTACAAG
AGTACNAG	AGTACAAG
AGTACTAG	AGTACAAG
AGTAGAAG	AGTACAAG
AGTAGGAA	AGCAGGAA
AGTAGTCA	AGTGGTCA
AGTANAAG	AGTACAAG
AGTATAAG	AGTACAAG
AGTATGCA	ACTATGCA
AGTCAATA	AGTCACTA
AGTCACAA	AGTCACTA
AGTCACCA	AGTCACTA
AGTCACGA	AGTCACTA
AGTCACNA	AGTCACTA
AGTCACTA	AGTCACTA
AGTCACTC	AGTCACTA
AGTCACTG	AGTCACTA
AGTCACTN	AGTCACTA
AGTCACTT	AGTCACTA
AGTCAGTA	AGTCACTA
AGTCANTA	AGTCACTA
AGTCATTA	AGTCACTA
AGTCCAAG	AGTACAAG
AGTCCCTA	AGTCACTA
AGTCGCTA	AGTCACTA
AGTCGTCA	AGTGGTCA
AGTCNCTA	AGTCACTA
AGTCTCTA	AGTCACTA
AGTGACTA	AGTCACTA
AGTGAGGA	ATTGAGGA
AGTGATCA	AGTGGTCA
AGTGCAAG	AGTACAAG
AGTGCTCA	AGTGGTCA
AGTGGACA	AGTGGTCA
AGTGGCCA	AGTGGTCA
AGTGGGCA	AGTGGTCA
AGTGGNCA	AGTGGTCA
AGTGGTAA	AGTGGTCA
AGTGGTCA	AGTGGTCA
AGTGGTCC	AGTGGTCA
AGTGGTCG	AGTGGTCA
AGTGGTCN	AGTGGTCA
AGTGGTCT	AGTGGTCA
AGTGGTGA	AGTGGTCA
AGTGGTNA	AGTGGTCA
AGTGGTTA	AGTGGTCA
AGTGNTCA	AGTGGTCA
AGTGTCAA	AGAGTCAA
AGTGTTCA	AGTGGTCA
AGTNACTA	AGTCACTA
AGTNCAAG	AGTACAAG
AGTNGTCA	AGTGGTCA
AGTTACTA	AGTCACTA
AGTTCAAG	AGTACAAG
AGTTCGCA	AGATCGCA
AGTTGTCA	AGTGGTCA
ANAAGCTA	ACAAGCTA
ANACAGAA	ACACAGAA
ANACATCG	AAACATCG
ANAGCAGA	ACAGCAGA
ANAGTCAA	AGAGTCAA
ANATCGCA	AGATCGCA
ANATTGGC	ACATTGGC
ANCAACCA	AACAACCA
ANCACTGT	ACCACTGT
ANCAGGAA	AGCAGGAA
ANCCGAGA	AACCGAGA
ANCCTGTA	ATCCTGTA
ANCGCTTA	AACGCTTA
ANCGTGAT	AACGTGAT
ANCTCCAA	ACCTCCAA
ANGACGGA	AAGACGGA
ANGCCTAA	ATGCCTAA
ANGCTCGA	ACGCTCGA
ANGGTACA	AAGGTACA
ANGTATCA	ACGTATCA
ANTACAAG	AGTACAAG
ANTATGCA	ACTATGCA
ANTCACTA	AGTCACTA
ANTGAGGA	ATTGAGGA
ANTGGTCA	AGTGGTCA
ATAAGCTA	ACAAGCTA
ATACAGAA	ACACAGAA
ATACATCG	AAACATCG
ATACCTAA	ATGCCTAA
ATACTGTA	ATCCTGTA
ATAGAGGA	ATTGAGGA
ATAGCAGA	ACAGCAGA
ATAGTCAA	AGAGTCAA
ATATCGCA	AGATCGCA
ATATTGGC	ACATTGGC
ATCAACCA	AACAACCA
ATCAATGA	CTCAATGA
ATCACTGT	ACCACTGT
ATCAGGAA	AGCAGGAA
ATCATGTA	ATCCTGTA
ATCCAGTA	ATCCTGTA
ATCCCGTA	ATCCTGTA
ATCCCTAA	ATGCCTAA
ATCCGAGA	AACCGAGA
ATCCGGTA	ATCCTGTA
ATCCNGTA	ATCCTGTA
ATCCTATA	ATCCTGTA
ATCCTCTA	ATCCTGTA
ATCCTGAA	ATCCTGTA
ATCCTGCA	ATCCTGTA
ATCCTGGA	ATCCTGTA
ATCCTGNA	ATCCTGTA
ATCCTGTA	ATCCTGTA
ATCCTGTC	ATCCTGTA
ATCCTGTG	ATCCTGTA
ATCCTGTN	ATCCTGTA
ATCCTGTT	ATCCTGTA
ATCCTNTA	ATCCTGTA
ATCCTTTA	ATCCTGTA
ATCGAGGA	ATTGAGGA
ATCGCTTA	AACGCTTA
ATCGTGAT	AACGTGAT
ATCGTGTA	ATCCTGTA
ATCNTGTA	ATCCTGTA
ATCTCCAA	ACCTCCAA
ATCTTGTA	ATCCTGTA
ATGACGGA	AAGACGGA
ATGACTAA	ATGCCTAA
ATGAGCCA	CTGAGCCA
ATGCATAA	ATGCCTAA
ATGCCAAA	ATGCCTAA
ATGCCCAA	ATGCCTAA
ATGCCGAA	ATGCCTAA
ATGCCNAA	ATGCCTAA
ATGCCTAA	ATGCCTAA
ATGCCTAC	ATGCCTAA
ATGCCTAG	ATGCCTAA
ATGCCTAN	ATGCCTAA
ATGCCTAT	ATGCCTAA
ATGCCTCA	ATGCCTAA
ATGCCTGA	ATGCCTAA
ATGCCTNA	ATGCCTAA
ATGCCTTA	ATGCCTAA
ATGCGTAA	ATGCCTAA
ATGCNTAA	ATGCCTAA
ATGCTCGA	ACGCTCGA
ATGCTGTA	ATCCTGTA
ATGCTTAA	ATGCCTAA
ATGGAGGA	ATTGAGGA
ATGGCATA	CTGGCATA
ATGGCTAA	ATGCCTAA
ATGGTACA	AAGGTACA
ATGNCTAA	ATGCCTAA
ATGTAGCC	CTGTAGCC
ATGTATCA	ACGTATCA
ATGTCTAA	ATGCCTAA
ATNCCTAA	ATGCCTAA
ATNCTGTA	ATCCTGTA
ATNGAGGA	ATTGAGGA
ATTAAGGA	ATTGAGGA
ATTACAAG	AGTACAAG
ATTATGCA	ACTATGCA
ATTCACTA	AGTCACTA
ATTCAGGA	ATTGAGGA
ATTCCTAA	ATGCCTAA
ATTCTGTA	ATCCTGTA
ATTGAAGA	ATTGAGGA
ATTGACGA	ATTGAGGA
ATTGAGAA	ATTGAGGA
ATTGAGCA	ATTGAGGA
ATTGAGGA	ATTGAGGA
ATTGAGGC	ATTGAGGA
ATTGAGGG	ATTGAGGA
ATTGAGGN	ATTGAGGA
ATTGAGGT	ATTGAGGA
ATTGAGNA	ATTGAGGA
ATTGAGTA	ATTGAGGA
ATTGANGA	ATTGAGGA
ATTGATGA	ATTGAGGA
ATTGCGGA	ATTGAGGA
ATTGGGGA	ATTGAGGA
ATTGGTCA	AGTGGTCA
ATTGNGGA	ATTGAGGA
ATTGTGGA	ATTGAGGA
ATTNAGGA	ATTGAGGA
ATTTAGGA	ATTGAGGA
CAAAACTA	CAAGACTA
CAAACACA	CAACCACA
CAAACCAA	CATACCAA
CAAACTTA	CGAACTTA
CAAAGGAA	CAATGGAA
CAAATCTG	CAGATCTG
CAACAACA	CAACCACA
CAACAAGT	CATCAAGT
CAACACTA	CAAGACTA
CAACATCG	AAACATCG
CAACCAAA	CAACCACA
CAACCACA	CAACCACA
CAACCACC	CAACCACA
CAACCACG	CAACCACA
CAACCACN	CAACCACA
CAACCACT	CAACCACA
CAACCAGA	CAACCACA
CAACCANA	CAACCACA
CAACCATA	CAACCACA
CAACCCCA	CAACCACA
CAACCGCA	CAACCACA
CAACCNCA	CAACCACA
CAACCTCA	CAACCACA
CAACGACA	CAACCACA
CAACGGAA	CAATGGAA
CAACGTTA	CAGCGTTA
CAACNACA	CAACCACA
CAACTACA	CAACCACA
CAACTGGA	CGACTGGA
CAAGAATA	CAAGACTA
CAAGACAA	CAAGACTA
CAAGACCA	CAAGACTA
CAAGACGA	CAAGACTA
CAAGACNA	CAAGACTA
CAAGACTA	CAAGACTA
CAAGACTC	CAAGACTA
CAAGACTG	CAAGACTA
CAAGACTN	CAAGACTA
CAAGACTT	CAAGACTA
CAAGAGTA	CAAGACTA
CAAGANTA	CAAGACTA
CAAGATTA	CAAGACTA
CAAGCACA	CAACCACA
CAAGCCTA	CAAGACTA
CAAGGCTA	CAAGACTA
CAAGGGAA	CAATGGAA
CAAGNCTA	CAAGACTA
CAAGTCTA	CAAGACTA
CAAGTTCA	CCAGTTCA
CAANACTA	CAAGACTA
CAANCACA	CAACCACA
CAANGGAA	CAATGGAA
CAATACTA	CAAGACTA
CAATAGAA	CAATGGAA
CAATCACA	CAACCACA
CAATCGAA	CAATGGAA
CAATCTGA	GAATCTGA
CAATGAAA	CAATGGAA
CAATGCAA	CAATGGAA
CAATGGAA	CAATGGAA
CAATGGAC	CAATGGAA
CAATGGAG	CAATGGAA
CAATGGAN	CAATGGAA
CAATGGAT	CAATGGAA
CAATGGCA	CAATGGAA
CAATGGGA	CAATGGAA
CAATGGNA	CAATGGAA
CAATGGTA	CAATGGAA
CAATGNAA	CAATGGAA
CAATGTAA	CAATGGAA
CAATNGAA	CAATGGAA
CAATTCGA	CACTTCGA
CAATTGAA	CAATGGAA
CACAACCA	AACAACCA
CACAATGA	CTCAATGA
CACACCAA	CATACCAA
CACATACA	CGCATACA
CACATCGA	CACTTCGA
CACATCTG	CAGATCTG
CACCAAGT	CATCAAGT
CACCCACA	CAACCACA
CACCGAGA	AACCGAGA
CACCGTTA	CAGCGTTA
CACCTCGA	CACTTCGA
CACGACTA	CAAGACTA
CACGCTTA	AACGCTTA
CACGTCGA	CACTTCGA
CACGTGAT	AACGTGAT
CACNTCGA	CACTTCGA
CACTACGA	CACTTCGA
CACTAGTA	GACTAGTA
CACTCCGA	CACTTCGA
CACTGATC	CGCTGATC
CACTGCGA	CACTTCGA
CACTGGAA	CAATGGAA
CACTNCGA	CACTTCGA
CACTTAGA	CACTTCGA
CACTTCAA	CACTTCGA
CACTTCCA	CACTTCGA
CACTTCGA	CACTTCGA
CACTTCGC	CACTTCGA
CACTTCGG	CACTTCGA
CACTTCGN	CACTTCGA
CACTTCGT	CACTTCGA
CACTTCNA	CACTTCGA
CACTTCTA	CACTTCGA
CACTTGGA	CACTTCGA
CACTTNGA	CACTTCGA
CACTTTGA	CACTTCGA
CAGAACTG	CAGATCTG
CAGAAGTA	CCGAAGTA
CAGACCAA	CATACCAA
CAGACCTG	CAGATCTG
CAGACGGA	AAGACGGA
CAGAGCCA	CTGAGCCA
CAGAGCTG	CAGATCTG
CAGAGTTA	CAGCGTTA
CAGANCTG	CAGATCTG
CAGATATG	CAGATCTG
CAGATCAG	CAGATCTG
CAGATCCG	CAGATCTG
CAGATCGG	CAGATCTG
CAGATCNG	CAGATCTG
CAGATCTA	CAGATCTG
CAGATCTC	CAGATCTG
CAGATCTG	CAGATCTG
CAGATCTN	CAGATCTG
CAGATCTT	CAGATCTG
CAGATGTG	CAGATCTG
CAGATNTG	CAGATCTG
CAGATTTG	CAGATCTG
CAGCAAGT	CATCAAGT
CAGCATTA	CAGCGTTA
CAGCCACA	CAACCACA
CAGCCTTA	CAGCGTTA
CAGCGATA	CAGCGTTA
CAGCGCTA	CAGCGTTA
CAGCGGTA	CAGCGTTA
CAGCGNTA	CAGCGTTA
CAGCGTAA	CAGCGTTA
CAGCGTCA	CAGCGTTA
CAGCGTGA	CAGCGTTA
CAGCGTNA	CAGCGTTA
CAGCGTTA	CAGCGTTA
CAGCGTTC	CAGCGTTA
CAGCGTTG	CAGCGTTA
CAGCGTTN	CAGCGTTA
CAGCGTTT	CAGCGTTA
CAGCNTTA	CAGCGTTA
CAGCTCTG	CAGATCTG
CAGCTGAA	GAGCTGAA
CAGCTTTA	CAGCGTTA
CAGGACTA	CAAGACTA
CAGGCATA	CTGGCATA
CAGGGTTA	CAGCGTTA
CAGGTACA	AAGGTACA
CAGGTCTG	CAGATCTG
CAGNGTTA	CAGCGTTA
CAGNTCTG	CAGATCTG
CAGTAGCC	CTGTAGCC
CAGTGAGA	CCGTGAGA
CAGTGGAA	CAATGGAA
CAGTGTTA	CAGCGTTA
CAGTTCGA	CACTTCGA
CAGTTCTG	CAGATCTG
CANACCAA	CATACCAA
CANATCTG	CAGATCTG
CANCAAGT	CATCAAGT
CANCCACA	CAACCACA
CANCGTTA	CAGCGTTA
CANGACTA	CAAGACTA
CANTGGAA	CAATGGAA
CANTTCGA	CACTTCGA
CATAAAGT	CATCAAGT
CATAACAA	CATACCAA
CATACAAA	CATACCAA
CATACCAA	CATACCAA
CATACCAC	CATACCAA
CATACCAG	CATACCAA
CATACCAN	CATACCAA
CATACCAT	CATACCAA
CATACCCA	CATACCAA
CATACCGA	CATACCAA
CATACCNA	CATACCAA
CATACCTA	CATACCAA
CATACGAA	CATACCAA
CATACNAA	CATACCAA
CATACTAA	CATACCAA
CATAGCAA	CATACCAA
CATANCAA	CATACCAA
CATATCAA	CATACCAA
CATATCTG	CAGATCTG
CATCAAAT	CATCAAGT
CATCAACT	CATCAAGT
CATCAAGA	CATCAAGT
CATCAAGC	CATCAAGT
CATCAAGG	CATCAAGT
CATCAAGN	CATCAAGT
CATCAAGT	CATCAAGT
CATCAANT	CATCAAGT
CATCAATT	CATCAAGT
CATCACGT	CATCAAGT
CATCAGGT	CATCAAGT
CATCANGT	CATCAAGT
CATCATGT	CATCAAGT
CATCCACA	CAACCACA
CATCCAGT	CATCAAGT
CATCCCAA	CATACCAA
CATCCTGA	CCTCCTGA
CATCGAGT	CATCAAGT
CATCGTTA	CAGCGTTA
CATCNAGT	CATCAAGT
CATCTAGT	CATCAAGT
CATGAAGT	CATCAAGT
CATGACTA	CAAGACTA
CATGCCAA	CATACCAA
CATNAAGT	CATCAAGT
CATNCCAA	CATACCAA
CATTAAGT	CATCAAGT
CATTCCAA	CATACCAA
CATTGGAA	CAATGGAA
CATTTCGA	CACTTCGA
CCAAAGTA	CCGAAGTA
CCAACTTA	CGAACTTA
CCAAGCTA	ACAAGCTA
CCAATTCA	CCAGTTCA
CCACAGAA	ACACAGAA
CCACCACA	CAACCACA
CCACCTGA	CCTCCTGA
CCACTGGA	CGACTGGA
CCACTTCA	CCAGTTCA
CCAGACTA	CAAGACTA
CCAGATCA	CCAGTTCA
CCAGCAGA	ACAGCAGA
CCAGCTCA	CCAGTTCA
CCAGGTCA	CCAGTTCA
CCAGNTCA	CCAGTTCA
CCAGTACA	CCAGTTCA
CCAGTCCA	CCAGTTCA
CCAGTGCA	CCAGTTCA
CCAGTNCA	CCAGTTCA
CCAGTTAA	CCAGTTCA
CCAGTTCA	CCAGTTCA
CCAGTTCC	CCAGTTCA
CCAGTTCG	CCAGTTCA
CCAGTTCN	CCAGTTCA
CCAGTTCT	CCAGTTCA
CCAGTTGA	CCAGTTCA
CCAGTTNA	CCAGTTCA
CCAGTTTA	CCAGTTCA
CCANTTCA	CCAGTTCA
CCATGAGA	CCGTGAGA
CCATGGAA	CAATGGAA
CCATTGGC	ACATTGGC
CCATTTCA	CCAGTTCA
CCCAAGTA	CCGAAGTA
CCCAATGA	CTCAATGA
CCCACTGT	ACCACTGT
CCCATACA	CGCATACA
CCCCCTGA	CCTCCTGA
CCCGTTCA	CCAGTTCA
CCCTCCAA	ACCTCCAA
CCCTGAGA	CCGTGAGA
CCCTGATC	CGCTGATC
CCCTTCGA	CACTTCGA
CCGAAATA	CCGAAGTA
CCGAACTA	CCGAAGTA
CCGAAGAA	CCGAAGTA
CCGAAGCA	CCGAAGTA
CCGAAGGA	CCGAAGTA
CCGAAGNA	CCGAAGTA
CCGAAGTA	CCGAAGTA
CCGAAGTC	CCGAAGTA
CCGAAGTG	CCGAAGTA
CCGAAGTN	CCGAAGTA
CCGAAGTT	CCGAAGTA
CCGAANTA	CCGAAGTA
CCGAATTA	CCGAAGTA
CCGACGTA	CCGAAGTA
CCGAGAGA	CCGTGAGA
CCGAGCCA	CTGAGCCA
CCGAGGTA	CCGAAGTA
CCGANGTA	CCGAAGTA
CCGATCTG	CAGATCTG
CCGATGTA	CCGAAGTA
CCGCAGTA	CCGAAGTA
CCGCCTGA	CCTCCTGA
CCGCGAGA	CCGTGAGA
CCGCGTTA	CAGCGTTA
CCGCTCGA	ACGCTCGA
CCGGAGTA	CCGAAGTA
CCGGCATA	CTGGCATA
CCGGGAGA	CCGTGAGA
CCGGTTCA	CCAGTTCA
CCGNAGTA	CCGAAGTA
CCGNGAGA	CCGTGAGA
CCGTAAGA	CCGTGAGA
CCGTAGCC	CTGTAGCC
CCGTAGTA	CCGAAGTA
CCGTATCA	ACGTATCA
CCGTCAGA	CCGTGAGA
CCGTGAAA	CCGTGAGA
CCGTGACA	CCGTGAGA
CCGTGAGA	CCGTGAGA
CCGTGAGC	CCGTGAGA
CCGTGAGG	CCGTGAGA
CCGTGAGN	CCGTGAGA
CCGTGAGT	CCGTGAGA
CCGTGANA	CCGTGAGA
CCGTGATA	CCGTGAGA
CCGTGCGA	CCGTGAGA
CCGTGGGA	CCGTGAGA
CCGTGNGA	CCGTGAGA
CCGTGTGA	CCGTGAGA
CCGTNAGA	CCGTGAGA
CCGTTAGA	CCGTGAGA
CCNAAGTA	CCGAAGTA
CCNCCTGA	CCTCCTGA
CCNGTTCA	CCAGTTCA
CCNTGAGA	CCGTGAGA
CCTAAGTA	CCGAAGTA
CCTACCAA	CATACCAA
CCTACTGA	CCTCCTGA
CCTATGCA	ACTATGCA
CCTCAAGT	CATCAAGT
CCTCATGA	CCTCCTGA
CCTCCAGA	CCTCCTGA
CCTCCCGA	CCTCCTGA
CCTCCGGA	CCTCCTGA
CCTCCNGA	CCTCCTGA
CCTCCTAA	CCTCCTGA
CCTCCTCA	CCTCCTGA
CCTCCTGA	CCTCCTGA
CCTCCTGC	CCTCCTGA
CCTCCTGG	CCTCCTGA
CCTCCTGN	CCTCCTGA
CCTCCTGT	CCTCCTGA
CCTCCTNA	CCTCCTGA
CCTCCTTA	CCTCCTGA
CCTCGTGA	CCTCCTGA
CCTCNTGA	CCTCCTGA
CCTCTTGA	CCTCCTGA
CCTGCTGA	CCTCCTGA
CCTGTTCA	CCAGTTCA
CCTNCTGA	CCTCCTGA
CCTTCTGA	CCTCCTGA
CCTTGAGA	CCGTGAGA
CGAAATTA	CGAACTTA
CGAACATA	CGAACTTA
CGAACCTA	CGAACTTA
CGAACGTA	CGAACTTA
CGAACNTA	CGAACTTA
CGAACTAA	CGAACTTA
CGAACTCA	CGAACTTA
CGAACTGA	CGAACTTA
CGAACTNA	CGAACTTA
CGAACTTA	CGAACTTA
CGAACTTC	CGAACTTA
CGAACTTG	CGAACTTA
CGAACTTN	CGAACTTA
CGAACTTT	CGAACTTA
CGAAGTTA	CGAACTTA
CGAANTTA	CGAACTTA
CGAATACA	CGCATACA
CGAATGGA	CGACTGGA
CGAATTTA	CGAACTTA
CGACAGGA	CGACTGGA
CGACCACA	CAACCACA
CGACCGGA	CGACTGGA
CGACCTTA	CGAACTTA
CGACGGGA	CGACTGGA
CGACNGGA	CGACTGGA
CGACTAGA	CGACTGGA
CGACTCGA	CGACTGGA
CGACTGAA	CGACTGGA
CGACTGCA	CGACTGGA
CGACTGGA	CGACTGGA
CGACTGGC	CGACTGGA
CGACTGGG	CGACTGGA
CGACTGGN	CGACTGGA
CGACTGGT	CGACTGGA
CGACTGNA	CGACTGGA
CGACTGTA	CGACTGGA
CGACTNGA	CGACTGGA
CGACTTGA	CGACTGGA
CGAGACTA	CAAGACTA
CGAGCTTA	CGAACTTA
CGAGTCAA	AGAGTCAA
CGAGTGGA	CGACTGGA
CGAGTTCA	CCAGTTCA
CGANCTTA	CGAACTTA
CGANTGGA	CGACTGGA
CGATCGCA	AGATCGCA
CGATCTTA	CGAACTTA
CGATGATC	CGCTGATC
CGATGGAA	CAATGGAA
CGATTGGA	CGACTGGA
CGCAAACA	CGCATACA
CGCAATGA	CTCAATGA
CGCACACA	CGCATACA
CGCACTTA	CGAACTTA
CGCAGACA	CGCATACA
CGCAGATC	CGCTGATC
CGCAGGAA	AGCAGGAA
CGCANACA	CGCATACA
CGCATAAA	CGCATACA
CGCATACA	CGCATACA
CGCATACC	CGCATACA
CGCATACG	CGCATACA
CGCATACN	CGCATACA
CGCATACT	CGCATACA
CGCATAGA	CGCATACA
CGCATANA	CGCATACA
CGCATATA	CGCATACA
CGCATCCA	CGCATACA
CGCATGCA	CGCATACA
CGCATNCA	CGCATACA
CGCATTCA	CGCATACA
CGCCGATC	CGCTGATC
CGCCTACA	CGCATACA
CGCCTGGA	CGACTGGA
CGCGGATC	CGCTGATC
CGCGTACA	CGCATACA
CGCNGATC	CGCTGATC
CGCNTACA	CGCATACA
CGCTAATC	CGCTGATC
CGCTCATC	CGCTGATC
CGCTGAAC	CGCTGATC
CGCTGACC	CGCTGATC
CGCTGAGC	CGCTGATC
CGCTGANC	CGCTGATC
CGCTGATA	CGCTGATC
CGCTGATC	CGCTGATC
CGCTGATG	CGCTGATC
CGCTGATN	CGCTGATC
CGCTGATT	CGCTGATC
CGCTGCTC	CGCTGATC
CGCTGGTC	CGCTGATC
CGCTGNTC	CGCTGATC
CGCTGTTC	CGCTGATC
CGCTNATC	CGCTGATC
CGCTTACA	CGCATACA
CGCTTATC	CGCTGATC
CGCTTCGA	CACTTCGA
CGGAAGTA	CCGAAGTA
CGGACTTA	CGAACTTA
CGGAGCCA	CTGAGCCA
CGGATACA	CGCATACA
CGGATCTG	CAGATCTG
CGGCGTTA	CAGCGTTA
CGGCTGGA	CGACTGGA
CGGGCATA	CTGGCATA
CGGTAGCC	CTGTAGCC
CGGTGAGA	CCGTGAGA
CGGTGATC	CGCTGATC
CGNACTTA	CGAACTTA
CGNATACA	CGCATACA
CGNCTGGA	CGACTGGA
CGNTGATC	CGCTGATC
CGTACAAG	AGTACAAG
CGTACCAA	CATACCAA
CGTACTTA	CGAACTTA
CGTATACA	CGCATACA
CGTCAAGT	CATCAAGT
CGTCACTA	AGTCACTA
CGTCCTGA	CCTCCTGA
CGTCTGGA	CGACTGGA
CGTGGTCA	AGTGGTCA
CGTTGATC	CGCTGATC
CNAACTTA	CGAACTTA
CNACCACA	CAACCACA
CNACTGGA	CGACTGGA
CNAGACTA	CAAGACTA
CNAGTTCA	CCAGTTCA
CNATGGAA	CAATGGAA
CNCAATGA	CTCAATGA
CNCATACA	CGCATACA
CNCTGATC	CGCTGATC
CNCTTCGA	CACTTCGA
CNGAAGTA	CCGAAGTA
CNGAGCCA	CTGAGCCA
CNGATCTG	CAGATCTG
CNGCGTTA	CAGCGTTA
CNGGCATA	CTGGCATA
CNGTAGCC	CTGTAGCC
CNGTGAGA	CCGTGAGA
CNTACCAA	CATACCAA
CNTCAAGT	CATCAAGT
CNTCCTGA	CCTCCTGA
CTAAATGA	CTCAATGA
CTAACTTA	CGAACTTA
CTAAGCCA	CTGAGCCA
CTACCACA	CAACCACA
CTACTGGA	CGACTGGA
CTAGACTA	CAAGACTA
CTAGCATA	CTGGCATA
CTAGTTCA	CCAGTTCA
CTATAGCC	CTGTAGCC
CTATGGAA	CAATGGAA
CTCAAAGA	CTCAATGA
CTCAACGA	CTCAATGA
CTCAAGGA	CTCAATGA
CTCAANGA	CTCAATGA
CTCAATAA	CTCAATGA
CTCAATCA	CTCAATGA
CTCAATGA	CTCAATGA
CTCAATGC	CTCAATGA
CTCAATGG	CTCAATGA
CTCAATGN	CTCAATGA
CTCAATGT	CTCAATGA
CTCAATNA	CTCAATGA
CTCAATTA	CTCAATGA
CTCACTGA	CTCAATGA
CTCAGCCA	CTGAGCCA
CTCAGTGA	CTCAATGA
CTCANTGA	CTCAATGA
CTCATACA	CGCATACA
CTCATTGA	CTCAATGA
CTCCATGA	CTCAATGA
CTCCTGTA	ATCCTGTA
CTCGATGA	CTCAATGA
CTCGCATA	CTGGCATA
CTCNATGA	CTCAATGA
CTCTAGCC	CTGTAGCC
CTCTATGA	CTCAATGA
CTCTGATC	CGCTGATC
CTCTTCGA	CACTTCGA
CTGAACCA	CTGAGCCA
CTGAAGCC	CTGTAGCC
CTGAAGTA	CCGAAGTA
CTGAATGA	CTCAATGA
CTGACATA	CTGGCATA
CTGACCCA	CTGAGCCA
CTGAGACA	CTGAGCCA
CTGAGCAA	CTGAGCCA
CTGAGCCA	CTGAGCCA
CTGAGCCC	CTGAGCCA
CTGAGCCG	CTGAGCCA
CTGAGCCN	CTGAGCCA
CTGAGCCT	CTGAGCCA
CTGAGCGA	CTGAGCCA
CTGAGCNA	CTGAGCCA
CTGAGCTA	CTGAGCCA
CTGAGGCA	CTGAGCCA
CTGAGNCA	CTGAGCCA
CTGAGTCA	CTGAGCCA
CTGANCCA	CTGAGCCA
CTGATCCA	CTGAGCCA
CTGATCTG	CAGATCTG
CTGCAGCC	CTGTAGCC
CTGCCATA	CTGGCATA
CTGCCTAA	ATGCCTAA
CTGCGCCA	CTGAGCCA
CTGCGTTA	CAGCGTTA
CTGGAATA	CTGGCATA
CTGGAGCC	CTGTAGCC
CTGGCAAA	CTGGCATA
CTGGCACA	CTGGCATA
CTGGCAGA	CTGGCATA
CTGGCANA	CTGGCATA
CTGGCATA	CTGGCATA
CTGGCATC	CTGGCATA
CTGGCATG	CTGGCATA
CTGGCATN	CTGGCATA
CTGGCATT	CTGGCATA
CTGGCCTA	CTGGCATA
CTGGCGTA	CTGGCATA
CTGGCNTA	CTGGCATA
CTGGCTTA	CTGGCATA
CTGGGATA	CTGGCATA
CTGGGCCA	CTGAGCCA
CTGGNATA	CTGGCATA
CTGGTATA	CTGGCATA
CTGNAGCC	CTGTAGCC
CTGNCATA	CTGGCATA
CTGNGCCA	CTGAGCCA
CTGTAACC	CTGTAGCC
CTGTACCC	CTGTAGCC
CTGTAGAC	CTGTAGCC
CTGTAGCA	CTGTAGCC
CTGTAGCC	CTGTAGCC
CTGTAGCG	CTGTAGCC
CTGTAGCN	CTGTAGCC
CTGTAGCT	CTGTAGCC
CTGTAGGC	CTGTAGCC
CTGTAGNC	CTGTAGCC
CTGTAGTC	CTGTAGCC
CTGTANCC	CTGTAGCC
CTGTATCC	CTGTAGCC
CTGTCATA	CTGGCATA
CTGTCGCC	CTGTAGCC
CTGTGAGA	CCGTGAGA
CTGTGCCA	CTGAGCCA
CTGTGGCC	CTGTAGCC
CTGTNGCC	CTGTAGCC
CTGTTGCC	CTGTAGCC
CTNAATGA	CTCAATGA
CTNAGCCA	CTGAGCCA
CTNGCATA	CTGGCATA
CTNTAGCC	CTGTAGCC
CTTAATGA	CTCAATGA
CTTACCAA	CATACCAA
CTTAGCCA	CTGAGCCA
CTTCAAGT	CATCAAGT
CTTCCTGA	CCTCCTGA
CTTGAGGA	ATTGAGGA
CTTGCATA	CTGGCATA
CTTTAGCC	CTGTAGCC
GAAACTGA	GAATCTGA
GAACATCG	AAACATCG
GAACCACA	CAACCACA
GAACCTGA	GAATCTGA
GAACTGAA	GAGCTGAA
GAAGACTA	CAAGACTA
GAAGCTGA	GAATCTGA
GAANCTGA	GAATCTGA
GAATAGTA	GACTAGTA
GAATATGA	GAATCTGA
GAATCAGA	GAATCTGA
GAATCCGA	GAATCTGA
GAATCGGA	GAATCTGA
GAATCNGA	GAATCTGA
GAATCTAA	GAATCTGA
GAATCTCA	GAATCTGA
GAATCTGA	GAATCTGA
GAATCTGC	GAATCTGA
GAATCTGG	GAATCTGA
GAATCTGN	GAATCTGA
GAATCTGT	GAATCTGA
GAATCTNA	GAATCTGA
GAATCTTA	GAATCTGA
GAATGGAA	CAATGGAA
GAATGTGA	GAATCTGA
GAATNTGA	GAATCTGA
GAATTTGA	GAATCTGA
GACAACCA	AACAACCA
GACAAGTA	GACTAGTA
GACCAGTA	GACTAGTA
GACCGAGA	AACCGAGA
GACCTGAA	GAGCTGAA
GACGAGTA	GACTAGTA
GACGCTTA	AACGCTTA
GACGTGAT	AACGTGAT
GACNAGTA	GACTAGTA
GACTAATA	GACTAGTA
GACTACTA	GACTAGTA
GACTAGAA	GACTAGTA
GACTAGCA	GACTAGTA
GACTAGGA	GACTAGTA
GACTAGNA	GACTAGTA
GACTAGTA	GACTAGTA
GACTAGTC	GACTAGTA
GACTAGTG	GACTAGTA
GACTAGTN	GACTAGTA
GACTAGTT	GACTAGTA
GACTANTA	GACTAGTA
GACTATTA	GACTAGTA
GACTCGTA	GACTAGTA
GACTCTGA	GAATCTGA
GACTGGTA	GACTAGTA
GACTNGTA	GACTAGTA
GACTTCGA	CACTTCGA
GACTTGTA	GACTAGTA
GAGACGGA	AAGACGGA
GAGATCTG	CAGATCTG
GAGATGAA	GAGCTGAA
GAGCAGAA	GAGCTGAA
GAGCCGAA	GAGCTGAA
GAGCGGAA	GAGCTGAA
GAGCGTTA	CAGCGTTA
GAGCNGAA	GAGCTGAA
GAGCTAAA	GAGCTGAA
GAGCTCAA	GAGCTGAA
GAGCTGAA	GAGCTGAA
GAGCTGAC	GAGCTGAA
GAGCTGAG	GAGCTGAA
GAGCTGAN	GAGCTGAA
GAGCTGAT	GAGCTGAA
GAGCTGCA	GAGCTGAA
GAGCTGGA	GAGCTGAA
GAGCTGNA	GAGCTGAA
GAGCTGTA	GAGCTGAA
GAGCTNAA	GAGCTGAA
GAGCTTAA	GAGCTGAA
GAGGTACA	AAGGTACA
GAGGTGAA	GAGCTGAA
GAGNTGAA	GAGCTGAA
GAGTAGTA	GACTAGTA
GAGTCTGA	GAATCTGA
GAGTTGAA	GAGCTGAA
GANCTGAA	GAGCTGAA
GANTAGTA	GACTAGTA
GANTCTGA	GAATCTGA
GATACCAA	CATACCAA
GATCAAGT	CATCAAGT
GATCTGAA	GAGCTGAA
GATTAGTA	GACTAGTA
GATTCTGA	GAATCTGA
GCAAGCTA	ACAAGCTA
GCACAGAA	ACACAGAA
GCAGCAGA	ACAGCAGA
GCAGTTCA	CCAGTTCA
GCATCTGA	GAATCTGA
GCATTGGC	ACATTGGC
GCCACTGT	ACCACTGT
GCCTAGTA	GACTAGTA
GCCTCCAA	ACCTCCAA
GCGAAGTA	CCGAAGTA
GCGCTCGA	ACGCTCGA
GCGCTGAA	GAGCTGAA
GCGTATCA	ACGTATCA
GCGTGAGA	CCGTGAGA
GCTATGCA	ACTATGCA
GCTCCTGA	CCTCCTGA
GGAACTTA	CGAACTTA
GGACTGGA	CGACTGGA
GGAGTCAA	AGAGTCAA
GGATCGCA	AGATCGCA
GGATCTGA	GAATCTGA
GGCAGGAA	AGCAGGAA
GGCATACA	CGCATACA
GGCTAGTA	GACTAGTA
GGCTGATC	CGCTGATC
GGGCTGAA	GAGCTGAA
GGTACAAG	AGTACAAG
GGTCACTA	AGTCACTA
GGTGGTCA	AGTGGTCA
GNATCTGA	GAATCTGA
GNCTAGTA	GACTAGTA
GNGCTGAA	GAGCTGAA
GTATCTGA	GAATCTGA
GTCAATGA	CTCAATGA
GTCCTGTA	ATCCTGTA
GTCTAGTA	GACTAGTA
GTGAGCCA	CTGAGCCA
GTGCCTAA	ATGCCTAA
GTGCTGAA	GAGCTGAA
GTGGCATA	CTGGCATA
GTGTAGCC	CTGTAGCC
GTTGAGGA	ATTGAGGA
NAACATCG	AAACATCG
NAACCACA	CAACCACA
NAAGACTA	CAAGACTA
NAATCTGA	GAATCTGA
NAATGGAA	CAATGGAA
NACAACCA	AACAACCA
NACCGAGA	AACCGAGA
NACGCTTA	AACGCTTA
NACGTGAT	AACGTGAT
NACTAGTA	GACTAGTA
NACTTCGA	CACTTCGA
NAGACGGA	AAGACGGA
NAGATCTG	CAGATCTG
NAGCGTTA	CAGCGTTA
NAGCTGAA	GAGCTGAA
NAGGTACA	AAGGTACA
NATACCAA	CATACCAA
NATCAAGT	CATCAAGT
NCAAGCTA	ACAAGCTA
NCACAGAA	ACACAGAA
NCAGCAGA	ACAGCAGA
NCAGTTCA	CCAGTTCA
NCATTGGC	ACATTGGC
NCCACTGT	ACCACTGT
NCCTCCAA	ACCTCCAA
NCGAAGTA	CCGAAGTA
NCGCTCGA	ACGCTCGA
NCGTATCA	ACGTATCA
NCGTGAGA	CCGTGAGA
NCTATGCA	ACTATGCA
NCTCCTGA	CCTCCTGA
NGAACTTA	CGAACTTA
NGACTGGA	CGACTGGA
NGAGTCAA	AGAGTCAA
NGATCGCA	AGATCGCA
NGCAGGAA	AGCAGGAA
NGCATACA	CGCATACA
NGCTGATC	CGCTGATC
NGTACAAG	AGTACAAG
NGTCACTA	AGTCACTA
NGTGGTCA	AGTGGTCA
NTCAATGA	CTCAATGA
NTCCTGTA	ATCCTGTA
NTGAGCCA	CTGAGCCA
NTGCCTAA	ATGCCTAA
NTGGCATA	CTGGCATA
NTGTAGCC	CTGTAGCC
NTTGAGGA	ATTGAGGA
TAACATCG	AAACATCG
TAACCACA	CAACCACA
TAAGACTA	CAAGACTA
TAATCTGA	GAATCTGA
TAATGGAA	CAATGGAA
TACAACCA	AACAACCA
TACCGAGA	AACCGAGA
TACGCTTA	AACGCTTA
TACGTGAT	AACGTGAT
TACTAGTA	GACTAGTA
TACTTCGA	CACTTCGA
TAGACGGA	AAGACGGA
TAGATCTG	CAGATCTG
TAGCGTTA	CAGCGTTA
TAGCTGAA	GAGCTGAA
TAGGTACA	AAGGTACA
TATACCAA	CATACCAA
TATCAAGT	CATCAAGT
TCAAGCTA	ACAAGCTA
TCACAGAA	ACACAGAA
TCAGCAGA	ACAGCAGA
TCAGTTCA	CCAGTTCA
TCATTGGC	ACATTGGC
TCCACTGT	ACCACTGT
TCCTCCAA	ACCTCCAA
TCGAAGTA	CCGAAGTA
TCGCTCGA	ACGCTCGA
TCGTATCA	ACGTATCA
TCGTGAGA	CCGTGAGA
TCTATGCA	ACTATGCA
TCTCCTGA	CCTCCTGA
TGAACTTA	CGAACTTA
TGACTGGA	CGACTGGA
TGAGTCAA	AGAGTCAA
TGATCGCA	AGATCGCA
TGCAGGAA	AGCAGGAA
TGCATACA	CGCATACA
TGCTGATC	CGCTGATC
TGTACAAG	AGTACAAG
TGTCACTA	AGTCACTA
TGTGGTCA	AGTGGTCA
TTCAATGA	CTCAATGA
TTCCTGTA	ATCCTGTA
TTGAGCCA	CTGAGCCA
TTGCCTAA	ATGCCTAA
TTGGCATA	CTGGCATA
TTGTAGCC	CTGTAGCC
TTTGAGGA	ATTGAGGA
