AAACGGAA	AAGCGGAA
AACCGGAA	AAGCGGAA
AACTGGTT	ACCTGGTT
AAGAGGAA	AAGCGGAA
AAGAGGTT	GAGAGGTT
AAGCAGAA	AAGCGGAA
AAGCCGAA	AAGCGGAA
AAGCGAAA	AAGCGGAA
AAGCGCAA	AAGCGGAA
AAGCGGAA	AAGCGGAA
AAGCGGAC	AAGCGGAA
AAGCGGAG	AAGCGGAA
AAGCGGAN	AAGCGGAA
AAGCGGAT	AAGCGGAA
AAGCGGCA	AAGCGGAA
AAGCGGGA	AAGCGGAA
AAGCGGNA	AAGCGGAA
AAGCGGTA	AAGCGGAA
AAGCGNAA	AAGCGGAA
AAGCGTAA	AAGCGGAA
AAGCNGAA	AAGCGGAA
AAGCTGAA	AAGCGGAA
AAGGGGAA	AAGCGGAA
AAGNGGAA	AAGCGGAA
AAGTGGAA	AAGCGGAA
AANCGGAA	AAGCGGAA
AATACGGA	ACTACGGA
AATCGGAA	AAGCGGAA
ACAACGGA	ACTACGGA
ACATGGTT	ACCTGGTT
ACCACGGA	ACTACGGA
ACCAGGTT	ACCTGGTT
ACCCGGTT	ACCTGGTT
ACCGGGTT	ACCTGGTT
ACCNGGTT	ACCTGGTT
ACCTAGTT	ACCTGGTT
ACCTCGTT	ACCTGGTT
ACCTGATT	ACCTGGTT
ACCTGCTT	ACCTGGTT
ACCTGGAT	ACCTGGTT
ACCTGGCT	ACCTGGTT
ACCTGGGT	ACCTGGTT
ACCTGGNT	ACCTGGTT
ACCTGGTA	ACCTGGTT
ACCTGGTC	ACCTGGTT
ACCTGGTG	ACCTGGTT
ACCTGGTN	ACCTGGTT
ACCTGGTT	ACCTGGTT
ACCTGNTT	ACCTGGTT
ACCTGTTT	ACCTGGTT
ACCTNGTT	ACCTGGTT
ACCTTGTT	ACCTGGTT
ACGACGGA	ACTACGGA
ACGCGGAA	AAGCGGAA
ACGTGGTT	ACCTGGTT
ACNACGGA	ACTACGGA
ACNTGGTT	ACCTGGTT
ACTAAGGA	ACTACGGA
ACTACAGA	ACTACGGA
ACTACCGA	ACTACGGA
ACTACGAA	ACTACGGA
ACTACGCA	ACTACGGA
ACTACGGA	ACTACGGA
ACTACGGC	ACTACGGA
ACTACGGG	ACTACGGA
ACTACGGN	ACTACGGA
ACTACGGT	ACTACGGA
ACTACGNA	ACTACGGA
ACTACGTA	ACTACGGA
ACTACNGA	ACTACGGA
ACTACTGA	ACTACGGA
ACTAGGGA	ACTACGGA
ACTANGGA	ACTACGGA
ACTATGGA	ACTACGGA
ACTCCGGA	ACTACGGA
ACTGCGGA	ACTACGGA
ACTNCGGA	ACTACGGA
ACTTCGGA	ACTACGGA
ACTTGGTT	ACCTGGTT
AGCTGGTT	ACCTGGTT
AGGAACAA	CGGAACAA
AGGCGGAA	AAGCGGAA
AGTAAGCT	GGTAAGCT
AGTACGGA	ACTACGGA
AGTGGCAT	TGTGGCAT
ANCTGGTT	ACCTGGTT
ANGCGGAA	AAGCGGAA
ANTACGGA	ACTACGGA
ATCTGGTT	ACCTGGTT
ATGCGGAA	AAGCGGAA
ATGCTTGC	TTGCTTGC
ATTACGGA	ACTACGGA
CAGAACAA	CGGAACAA
CAGAGGTT	GAGAGGTT
CAGCGGAA	AAGCGGAA
CCCTGGTT	ACCTGGTT
CCGAACAA	CGGAACAA
CCTACGGA	ACTACGGA
CGAAACAA	CGGAACAA
CGCAACAA	CGGAACAA
CGGAAAAA	CGGAACAA
CGGAACAA	CGGAACAA
CGGAACAC	CGGAACAA
CGGAACAG	CGGAACAA
CGGAACAN	CGGAACAA
CGGAACAT	CGGAACAA
CGGAACCA	CGGAACAA
CGGAACGA	CGGAACAA
CGGAACNA	CGGAACAA
CGGAACTA	CGGAACAA
CGGAAGAA	CGGAACAA
CGGAANAA	CGGAACAA
CGGAATAA	CGGAACAA
CGGACCAA	CGGAACAA
CGGAGCAA	CGGAACAA
CGGANCAA	CGGAACAA
CGGATCAA	CGGAACAA
CGGCACAA	CGGAACAA
CGGGACAA	CGGAACAA
CGGNACAA	CGGAACAA
CGGTACAA	CGGAACAA
CGNAACAA	CGGAACAA
CGTAACAA	CGGAACAA
CGTAAGCT	GGTAAGCT
CGTGGCAT	TGTGGCAT
CNGAACAA	CGGAACAA
CTGAACAA	CGGAACAA
CTGCTTGC	TTGCTTGC
GAAAGGTT	GAGAGGTT
GACAGGTT	GAGAGGTT
GAGAAGTT	GAGAGGTT
GAGACGTT	GAGAGGTT
GAGAGATT	GAGAGGTT
GAGAGCTT	GAGAGGTT
GAGAGGAT	GAGAGGTT
GAGAGGCT	GAGAGGTT
GAGAGGGT	GAGAGGTT
GAGAGGNT	GAGAGGTT
GAGAGGTA	GAGAGGTT
GAGAGGTC	GAGAGGTT
GAGAGGTG	GAGAGGTT
GAGAGGTN	GAGAGGTT
GAGAGGTT	GAGAGGTT
GAGAGNTT	GAGAGGTT
GAGAGTTT	GAGAGGTT
GAGANGTT	GAGAGGTT
GAGATGTT	GAGAGGTT
GAGCGGAA	AAGCGGAA
GAGCGGTT	GAGAGGTT
GAGGGGTT	GAGAGGTT
GAGNGGTT	GAGAGGTT
GAGTGGTT	GAGAGGTT
GANAGGTT	GAGAGGTT
GATAAGCT	GGTAAGCT
GATAGGTT	GAGAGGTT
GCCTGGTT	ACCTGGTT
GCGAGGTT	GAGAGGTT
GCTAAGCT	GGTAAGCT
GCTACGGA	ACTACGGA
GGAAAGCT	GGTAAGCT
GGCAAGCT	GGTAAGCT
GGGAACAA	CGGAACAA
GGGAAGCT	GGTAAGCT
GGGAGGTT	GAGAGGTT
GGNAAGCT	GGTAAGCT
GGTAAACT	GGTAAGCT
GGTAACCT	GGTAAGCT
GGTAAGAT	GGTAAGCT
GGTAAGCA	GGTAAGCT
GGTAAGCC	GGTAAGCT
GGTAAGCG	GGTAAGCT
GGTAAGCN	GGTAAGCT
GGTAAGCT	GGTAAGCT
GGTAAGGT	GGTAAGCT
GGTAAGNT	GGTAAGCT
GGTAAGTT	GGTAAGCT
GGTAANCT	GGTAAGCT
GGTAATCT	GGTAAGCT
GGTACGCT	GGTAAGCT
GGTAGGCT	GGTAAGCT
GGTANGCT	GGTAAGCT
GGTATGCT	GGTAAGCT
GGTCAGCT	GGTAAGCT
GGTGAGCT	GGTAAGCT
GGTGGCAT	TGTGGCAT
GGTNAGCT	GGTAAGCT
GGTTAGCT	GGTAAGCT
GNGAGGTT	GAGAGGTT
GNTAAGCT	GGTAAGCT
GTGAGGTT	GAGAGGTT
GTGCTTGC	TTGCTTGC
GTTAAGCT	GGTAAGCT
NAGAGGTT	GAGAGGTT
NAGCGGAA	AAGCGGAA
NCCTGGTT	ACCTGGTT
NCTACGGA	ACTACGGA
NGGAACAA	CGGAACAA
NGTAAGCT	GGTAAGCT
NGTGGCAT	TGTGGCAT
NTGCTTGC	TTGCTTGC
TAGAGGTT	GAGAGGTT
TAGCGGAA	AAGCGGAA
TAGCTTGC	TTGCTTGC
TATGGCAT	TGTGGCAT
TCCTGGTT	ACCTGGTT
TCGCTTGC	TTGCTTGC
TCTACGGA	ACTACGGA
TCTGGCAT	TGTGGCAT
TGAGGCAT	TGTGGCAT
TGCGGCAT	TGTGGCAT
TGGAACAA	CGGAACAA
TGGCTTGC	TTGCTTGC
TGGGGCAT	TGTGGCAT
TGNGGCAT	TGTGGCAT
TGTAAGCT	GGTAAGCT
TGTAGCAT	TGTGGCAT
TGTCGCAT	TGTGGCAT
TGTGACAT	TGTGGCAT
TGTGCCAT	TGTGGCAT
TGTGGAAT	TGTGGCAT
TGTGGCAA	TGTGGCAT
TGTGGCAC	TGTGGCAT
TGTGGCAG	TGTGGCAT
TGTGGCAN	TGTGGCAT
TGTGGCAT	TGTGGCAT
TGTGGCCT	TGTGGCAT
TGTGGCGT	TGTGGCAT
TGTGGCNT	TGTGGCAT
TGTGGCTT	TGTGGCAT
TGTGGGAT	TGTGGCAT
TGTGGNAT	TGTGGCAT
TGTGGTAT	TGTGGCAT
TGTGNCAT	TGTGGCAT
TGTGTCAT	TGTGGCAT
TGTNGCAT	TGTGGCAT
TGTTGCAT	TGTGGCAT
TNGCTTGC	TTGCTTGC
TNTGGCAT	TGTGGCAT
TTACTTGC	TTGCTTGC
TTCCTTGC	TTGCTTGC
TTGATTGC	TTGCTTGC
TTGCATGC	TTGCTTGC
TTGCCTGC	TTGCTTGC
TTGCGTGC	TTGCTTGC
TTGCNTGC	TTGCTTGC
TTGCTAGC	TTGCTTGC
TTGCTCGC	TTGCTTGC
TTGCTGGC	TTGCTTGC
TTGCTNGC	TTGCTTGC
TTGCTTAC	TTGCTTGC
TTGCTTCC	TTGCTTGC
TTGCTTGA	TTGCTTGC
TTGCTTGC	TTGCTTGC
TTGCTTGG	TTGCTTGC
TTGCTTGN	TTGCTTGC
TTGCTTGT	TTGCTTGC
TTGCTTNC	TTGCTTGC
TTGCTTTC	TTGCTTGC
TTGGTTGC	TTGCTTGC
TTGNTTGC	TTGCTTGC
TTGTTTGC	TTGCTTGC
TTNCTTGC	TTGCTTGC
TTTCTTGC	TTGCTTGC
TTTGGCAT	TGTGGCAT
